대여대여소번호,대여 대여소명,여가용(레저/간헐적),일반생활/기타,출퇴근용(통근/통학),총대여건수,출퇴근비율,여가비율,제자리반납건수,제자리반납비율,대여소_특성분류
1201,가락시장역 3번 출구,116,56,269,441,60.997732426303855,26.303854875283445,23,5.215419501133787,출퇴근 특화형
1203,밀리아나2빌딩 앞,71,70,97,238,40.7563025210084,29.831932773109244,8,3.361344537815126,생활/복합형
1204,거여역 3번출구,126,60,237,423,56.02836879432624,29.78723404255319,37,8.747044917257684,출퇴근 특화형
1205,종합운동장역 4번출구,159,35,145,339,42.772861356932154,46.902654867256636,44,12.979351032448378,생활/복합형
1206,9호선종합운동장역 9번출구,103,43,173,319,54.2319749216301,32.288401253918494,23,7.210031347962382,출퇴근 특화형
1207,마천중앙시장,38,56,49,143,34.26573426573427,26.573426573426573,5,3.4965034965034967,생활/복합형
1208,풍납현대아파트쉼터,165,144,228,537,42.45810055865922,30.726256983240223,54,10.05586592178771,생활/복합형
1209,잠실나루역 (2번 출구 쪽),290,82,578,950,60.8421052631579,30.526315789473685,70,7.368421052631578,출퇴근 특화형
1210,롯데월드타워(잠실역2번출구 쪽),1034,227,1203,2464,48.82305194805195,41.964285714285715,93,3.77435064935065,출퇴근 특화형
1212,송파역 2번 출구앞,112,39,265,416,63.70192307692307,26.923076923076923,16,3.8461538461538463,출퇴근 특화형
1213,백토공원 앞,31,13,24,68,35.294117647058826,45.588235294117645,5,7.352941176470589,생활/복합형
1214,오금역 7번 출구 인근,43,24,100,167,59.88023952095808,25.748502994011975,2,1.1976047904191618,출퇴근 특화형
1215,올림픽공원역 1번출구 앞,357,0,0,357,0.0,100.0,33,9.243697478991598,여가/레저 특화형
1217,송파파인타운 7단지,107,78,83,268,30.970149253731343,39.92537313432835,53,19.776119402985074,여가/레저 특화형
1218,방이역 4번출구,286,86,297,669,44.39461883408072,42.75037369207772,55,8.221225710014949,생활/복합형
1220,잠실근린공원,542,0,0,542,0.0,100.0,64,11.808118081180812,여가/레저 특화형
1221,삼전역 4번출구,198,34,220,452,48.67256637168141,43.80530973451327,46,10.176991150442479,출퇴근 특화형
1222,잠실새내역 5번 출구 뒤,475,113,540,1128,47.87234042553192,42.10992907801418,100,8.865248226950355,출퇴근 특화형
1224,아시아지하보도 2번 출구,167,60,197,424,46.4622641509434,39.386792452830186,69,16.27358490566038,여가/레저 특화형
1226,잠실4동 주민센터 옆,259,142,336,737,45.59023066485753,35.14246947082768,92,12.48303934871099,출퇴근 특화형
1227,거여역 8번출구 뒤,57,44,201,302,66.55629139072848,18.874172185430464,6,1.9867549668874174,출퇴근 특화형
1228,마천사거리,81,48,59,188,31.382978723404253,43.08510638297872,19,10.106382978723403,생활/복합형
1229,송파체육문화회관 앞,39,114,136,289,47.05882352941176,13.494809688581316,14,4.844290657439446,출퇴근 특화형
1230,송파중학교 정문,40,59,43,142,30.28169014084507,28.169014084507044,7,4.929577464788732,생활/복합형
1231,잠실역 6번출구,209,84,329,622,52.89389067524116,33.60128617363344,37,5.94855305466238,출퇴근 특화형
1232,잠실주공 521동 건너편,321,204,251,776,32.34536082474227,41.365979381443296,33,4.252577319587629,생활/복합형
1233,잠실3거리(갤러리아팰리스),102,65,111,278,39.92805755395683,36.69064748201439,20,7.194244604316546,생활/복합형
1235,잠실트리지움310동 옆,290,156,196,642,30.529595015576323,45.17133956386293,69,10.74766355140187,생활/복합형
1239,문정 법조단지3,33,28,95,156,60.89743589743589,21.153846153846153,7,4.487179487179487,출퇴근 특화형
1240,문정 법조단지4,42,35,46,123,37.39837398373984,34.146341463414636,7,5.691056910569105,생활/복합형
1241,문정 법조단지5,26,28,45,99,45.45454545454545,26.262626262626267,11,11.11111111111111,출퇴근 특화형
1243,문정 법조단지7,122,100,207,429,48.25174825174825,28.438228438228435,35,8.158508158508159,출퇴근 특화형
1244,문정 법조단지8,195,209,177,581,30.46471600688468,33.56282271944922,51,8.777969018932874,생활/복합형
1245,문정 법조단지9,107,104,140,351,39.88603988603989,30.484330484330485,24,6.837606837606838,생활/복합형
1246,문정 법조단지10,122,137,181,440,41.13636363636364,27.727272727272727,27,6.136363636363637,생활/복합형
1247,문정 법조단지11,51,54,67,172,38.95348837209303,29.651162790697676,9,5.232558139534884,생활/복합형
1248,방이초등학교,262,121,212,595,35.63025210084034,44.03361344537815,34,5.714285714285714,생활/복합형
1251,석촌역 2번출구,272,102,367,741,49.527665317139004,36.707152496626186,45,6.0728744939271255,출퇴근 특화형
1253,오금역 3번 출구 뒤,34,18,109,161,67.70186335403726,21.11801242236025,4,2.484472049689441,출퇴근 특화형
1256,문정현대아파트 교차로,25,41,74,140,52.85714285714286,17.857142857142858,6,4.285714285714286,출퇴근 특화형
1258,가락미륭아파트 앞,18,27,29,74,39.189189189189186,24.324324324324326,2,2.7027027027027026,생활/복합형
1259,방이역 1번출구,177,48,183,408,44.85294117647059,43.38235294117647,25,6.127450980392156,생활/복합형
1260,방이동 한양3차아파트 옆,124,69,139,332,41.86746987951807,37.34939759036144,22,6.626506024096386,생활/복합형
1262,송파여성문화회관 앞,228,157,267,652,40.95092024539878,34.96932515337423,56,8.588957055214724,생활/복합형
1263,장지공영차고지,18,36,40,94,42.5531914893617,19.148936170212767,3,3.1914893617021276,생활/복합형
1264,천호역 10번 출구 앞,173,84,397,654,60.703363914373085,26.452599388379205,29,4.434250764525994,출퇴근 특화형
1265,문정동 근린공원,339,0,0,339,0.0,100.0,26,7.669616519174041,여가/레저 특화형
1266,문정동 글샘 공원,38,40,58,136,42.64705882352941,27.941176470588236,8,5.88235294117647,생활/복합형
1267,올림픽공원 남2문 앞,730,0,0,730,0.0,100.0,41,5.616438356164384,여가/레저 특화형
1268,몽촌토성역 1번출구 옆,183,32,81,296,27.364864864864863,61.82432432432432,33,11.14864864864865,여가/레저 특화형
1269,리센츠아파트,233,127,201,561,35.82887700534759,41.53297682709447,85,15.151515151515152,여가/레저 특화형
1271,송파도서관,85,51,90,226,39.823008849557525,37.610619469026545,19,8.4070796460177,생활/복합형
1274,영파여고 앞,90,62,111,263,42.20532319391635,34.22053231939163,21,7.984790874524715,생활/복합형
1275,거여초등학교 옆,71,36,71,178,39.8876404494382,39.8876404494382,19,10.674157303370785,생활/복합형
1277,성내7교,114,62,98,274,35.76642335766424,41.605839416058394,32,11.678832116788321,생활/복합형
1278,송파구청 교차로,255,158,313,726,43.112947658402206,35.12396694214876,59,8.1267217630854,생활/복합형
1279,마천금호어울림 1차아파트 건너편,29,28,41,98,41.83673469387755,29.591836734693878,3,3.061224489795918,생활/복합형
1282,송파소방서 맞은편(성내4교),198,91,137,426,32.159624413145536,46.478873239436616,62,14.553990610328638,생활/복합형
1285,위례별 유치원 뒤,29,39,57,125,45.6,23.200000000000003,12,9.6,출퇴근 특화형
1286,위례중앙푸르지오 1단지 앞,86,95,77,258,29.844961240310074,33.33333333333333,27,10.465116279069768,생활/복합형
1287,위례아이파크 101동 맞은편,44,53,74,171,43.27485380116959,25.730994152046783,20,11.695906432748536,생활/복합형
1288,문정중교 사거리,117,111,134,362,37.01657458563536,32.32044198895028,18,4.972375690607735,생활/복합형
1289,풍납토성 서성벽터B,38,28,85,151,56.29139072847682,25.165562913907287,9,5.960264900662252,출퇴근 특화형
1290,위례송파꿈에그린아파트24단지 앞 성벽 다리 밑,45,57,86,188,45.744680851063826,23.93617021276596,7,3.723404255319149,출퇴근 특화형
1291,서울체육고등학교 앞,165,18,48,231,20.77922077922078,71.42857142857143,55,23.809523809523807,여가/레저 특화형
1293,석촌호수 서호 사거리,838,0,0,838,0.0,100.0,60,7.159904534606206,여가/레저 특화형
1295,잠실역 8번출구,340,120,406,866,46.88221709006928,39.260969976905315,43,4.965357967667437,출퇴근 특화형
1296,석촌호수교차로 (송파나루근린공원 앞),175,0,0,175,0.0,100.0,2,1.1428571428571428,여가/레저 특화형
1297,석촌호수교차로(동호 팔각정 앞),860,0,0,860,0.0,100.0,47,5.465116279069767,여가/레저 특화형
1299,송파소방서 (방이119안전센터),54,10,18,82,21.951219512195124,65.85365853658537,13,15.853658536585366,여가/레저 특화형
1300,오륜사거리,118,41,73,232,31.46551724137931,50.86206896551724,32,13.793103448275861,여가/레저 특화형
2601,석촌호수 아뜰리에,646,0,0,646,0.0,100.0,28,4.3343653250774,여가/레저 특화형
2603,송파 글마루 도서관,92,73,82,247,33.198380566801625,37.24696356275304,20,8.097165991902834,생활/복합형
2604,풍납토성 서성벽터A,142,69,126,337,37.388724035608305,42.13649851632047,49,14.540059347181009,생활/복합형
2605,복정역 1번 출구 앞,37,37,208,282,73.75886524822694,13.120567375886525,13,4.609929078014184,출퇴근 특화형
2608,송파구청,601,309,664,1574,42.18551461245235,38.18297331639136,84,5.336721728081321,생활/복합형
2609,보성중고등학교 후문 앞,31,13,12,56,21.428571428571427,55.35714285714286,3,5.357142857142857,여가/레저 특화형
2611,송파지역자활센터 뒤,220,29,314,563,55.772646536412076,39.07637655417407,74,13.143872113676732,출퇴근 특화형
2613,잠실나들목,247,116,152,515,29.514563106796114,47.96116504854369,74,14.36893203883495,생활/복합형
2614,가락고등학교 앞,33,28,62,123,50.40650406504065,26.82926829268293,11,8.94308943089431,출퇴근 특화형
2615,테라타워2,110,188,276,574,48.08362369337979,19.16376306620209,33,5.7491289198606275,출퇴근 특화형
2616,거여동 사거리,30,37,41,108,37.96296296296296,27.77777777777778,2,1.8518518518518516,생활/복합형
2617,가락삼환아파트 앞,38,25,38,101,37.62376237623762,37.62376237623762,14,13.861386138613863,생활/복합형
2618,삼전역 1번출구,207,60,237,504,47.023809523809526,41.07142857142857,46,9.126984126984127,출퇴근 특화형
2619,석촌고분역 4번출구,183,60,271,514,52.723735408560316,35.60311284046693,36,7.003891050583658,출퇴근 특화형
2620,송파나루역 4번 출구옆,493,189,707,1389,50.89992800575954,35.49316054715623,124,8.92728581713463,출퇴근 특화형
2621,한성백제역 2번 출구,553,118,323,994,32.49496981891348,55.633802816901415,134,13.480885311871226,여가/레저 특화형
2622,올림픽공원역 3번출구,2048,0,0,2048,0.0,100.0,259,12.646484375,여가/레저 특화형
2623,석촌동 주민센터,313,194,351,858,40.909090909090914,36.48018648018648,119,13.86946386946387,생활/복합형
2625,가락종합 사회복지관,19,25,28,72,38.88888888888889,26.38888888888889,3,4.166666666666666,생활/복합형
2626,"경찰병원역 1,2번 출구 사이",26,17,83,126,65.87301587301587,20.634920634920633,5,3.968253968253968,출퇴근 특화형
2627,문정시영아파트 5동 앞 공원,109,97,145,351,41.31054131054131,31.054131054131055,17,4.843304843304843,생활/복합형
2628,문정역 1번출구,207,106,518,831,62.33453670276775,24.90974729241877,52,6.257521058965103,출퇴근 특화형
2630,서울방이동 고분군,156,113,208,477,43.60587002096436,32.70440251572327,43,9.014675052410901,생활/복합형
2631,배명고등학교,57,41,64,162,39.50617283950617,35.18518518518518,12,7.4074074074074066,생활/복합형
2632,석촌고분역 2번 출구,258,96,381,735,51.83673469387755,35.10204081632653,58,7.891156462585033,출퇴근 특화형
2633,송파학사 옆,85,81,96,262,36.6412213740458,32.44274809160305,30,11.450381679389313,생활/복합형
2634,위례포레샤인아파트 정류장,54,63,89,206,43.203883495145625,26.21359223300971,24,11.650485436893204,생활/복합형
2635,잠실새내역 1번출구,242,91,321,654,49.08256880733945,37.00305810397553,41,6.269113149847094,출퇴근 특화형
2637,아시아지하보도 14번 출구,296,63,298,657,45.35768645357686,45.053272450532724,60,9.1324200913242,출퇴근 특화형
2639,석촌역 8번출구,420,100,433,953,45.43546694648479,44.0713536201469,62,6.505771248688353,출퇴근 특화형
2641,송파역 4번출구,231,108,423,762,55.51181102362205,30.314960629921263,57,7.480314960629922,출퇴근 특화형
2642,마천동 성내천 쉼터,119,65,78,262,29.770992366412212,45.41984732824427,23,8.778625954198473,생활/복합형
2643,풍납중학교 측면,20,22,36,78,46.15384615384615,25.64102564102564,1,1.282051282051282,출퇴근 특화형
2644,성내5교,100,47,84,231,36.36363636363637,43.290043290043286,23,9.956709956709958,생활/복합형
2645,잠실나들목2(엘스아파트136동),83,37,96,216,44.44444444444444,38.425925925925924,13,6.018518518518518,생활/복합형
2646,레이크펠리스101동앞,390,224,310,924,33.549783549783555,42.2077922077922,107,11.580086580086581,생활/복합형
2647,잠실 자전거 수리센터 앞,200,60,111,371,29.919137466307276,53.908355795148246,6,1.6172506738544474,여가/레저 특화형
2648,헬리오시티 112동 앞,97,62,115,274,41.97080291970803,35.4014598540146,38,13.86861313868613,생활/복합형
2649,오금공원사거리2,24,17,15,56,26.785714285714285,42.857142857142854,2,3.571428571428571,생활/복합형
2650,위례22단지 2208동 다리앞,20,26,72,118,61.016949152542374,16.94915254237288,5,4.23728813559322,출퇴근 특화형
2651,경찰병원역 3번출구 앞,113,37,208,358,58.10055865921788,31.564245810055862,24,6.70391061452514,출퇴근 특화형
2652,송파 레미니스1단지 102동 앞,89,32,66,187,35.294117647058826,47.593582887700535,26,13.903743315508022,생활/복합형
2653,올림픽공원사거리(선수촌아파트),362,0,0,362,0.0,100.0,33,9.116022099447514,여가/레저 특화형
2654,올림픽선수촌아파트 136동 앞,81,33,43,157,27.388535031847134,51.59235668789809,17,10.828025477707007,여가/레저 특화형
2655,송이공원,84,56,101,241,41.90871369294606,34.85477178423236,11,4.564315352697095,생활/복합형
2656,풍납동 아이파크 107동 앞,79,61,130,270,48.148148148148145,29.259259259259256,27,10.0,출퇴근 특화형
2657,송파 파인타운 11단지,54,67,59,180,32.77777777777778,30.0,25,13.88888888888889,생활/복합형
2658,가락몰 업무동,98,130,129,357,36.134453781512605,27.450980392156865,47,13.165266106442578,생활/복합형
4452,삼성SDS,244,134,337,715,47.13286713286713,34.12587412587413,53,7.4125874125874125,출퇴근 특화형
4453,위례중앙푸르지오 201동 앞,139,125,104,368,28.26086956521739,37.77173913043478,46,12.5,생활/복합형
4454,위례 포레샤인 1809동 부근,22,37,31,90,34.44444444444444,24.444444444444443,4,4.444444444444445,생활/복합형
4457,아산병원 기숙사 부근,208,180,315,703,44.807965860597434,29.58748221906117,50,7.112375533428166,생활/복합형
4458,가락2동주민센터 인근,17,43,44,104,42.30769230769231,16.346153846153847,3,2.8846153846153846,생활/복합형
4460,올림픽훼미리아파트 112동 앞,79,83,132,294,44.89795918367347,26.87074829931973,34,11.564625850340136,생활/복합형
4461,한양3차아파트 3동 앞,29,11,28,68,41.17647058823529,42.64705882352941,2,2.941176470588235,생활/복합형
4462,가락중학교 앞,47,36,83,166,50.0,28.313253012048197,11,6.626506024096386,출퇴근 특화형
4463,방이역 2번 출구,77,14,128,219,58.44748858447488,35.15981735159817,11,5.0228310502283104,출퇴근 특화형
4464,올림픽공원 북2문 A,224,0,0,224,0.0,100.0,18,8.035714285714286,여가/레저 특화형
4465,건영아파트앞 사거리,98,122,140,360,38.88888888888889,27.22222222222222,25,6.944444444444445,생활/복합형
4468,가락1동주민센터,112,92,119,323,36.84210526315789,34.6749226006192,40,12.38390092879257,생활/복합형
4469,거여동 어울림아파트  102동앞,17,68,40,125,32.0,13.600000000000001,1,0.8,생활/복합형
4472,송파파크데일 1단지 115동 건너편,24,44,19,87,21.839080459770116,27.586206896551722,2,2.2988505747126435,생활/복합형
4474,가락현대 1차 11동 앞,35,40,62,137,45.25547445255474,25.547445255474454,3,2.18978102189781,출퇴근 특화형
4475,송파파인타운 4단지 403동,28,35,62,125,49.6,22.400000000000002,12,9.6,출퇴근 특화형
4478,문정근린공원2,243,0,0,243,0.0,100.0,13,5.349794238683128,여가/레저 특화형
4479,문정중학교,19,19,48,86,55.81395348837209,22.093023255813954,0,0.0,출퇴근 특화형
4480,가락시장 남1문 사거리,80,116,209,405,51.60493827160494,19.753086419753085,15,3.7037037037037033,출퇴근 특화형
4481,올림픽공원 북2문 B,513,0,0,513,0.0,100.0,59,11.500974658869396,여가/레저 특화형
4483,잠실나들목4,120,54,106,280,37.857142857142854,42.857142857142854,39,13.928571428571429,생활/복합형
4484,잠실나루역4번출구뒤,167,61,294,522,56.32183908045977,31.992337164750957,24,4.597701149425287,출퇴근 특화형
4485,잠실나루역 고가하부,87,18,93,198,46.96969696969697,43.93939393939394,10,5.05050505050505,출퇴근 특화형
4486,홈플러스 잠실점,188,118,162,468,34.61538461538461,40.17094017094017,48,10.256410256410255,생활/복합형
4488,"문현중,고등학교 사이",15,26,20,61,32.78688524590164,24.59016393442623,5,8.19672131147541,생활/복합형
4490,송파파인타운 10단지 1005동,22,28,30,80,37.5,27.500000000000004,9,11.25,생활/복합형
4491,장지역 1번출구,69,45,262,376,69.68085106382979,18.351063829787233,9,2.393617021276596,출퇴근 특화형
4493,마천사거리 2,42,22,30,94,31.914893617021278,44.680851063829785,11,11.702127659574469,생활/복합형
4496,잠실 파크리오 120동 앞,196,104,228,528,43.18181818181818,37.121212121212125,56,10.606060606060606,생활/복합형
4497,아시아선수촌아파트 교차로,163,64,205,432,47.4537037037037,37.73148148148148,64,14.814814814814813,출퇴근 특화형
4499,세양청마루 101동 앞,70,56,121,247,48.987854251012145,28.34008097165992,8,3.2388663967611335,출퇴근 특화형
4852,서울복합물류 게이트 1,60,126,113,299,37.79264214046823,20.066889632107024,16,5.351170568561873,생활/복합형
4854,가락시장역 2번 출구,65,56,230,351,65.52706552706553,18.51851851851852,6,1.7094017094017095,출퇴근 특화형
4855,거여5단지 503동 앞,42,45,48,135,35.55555555555556,31.11111111111111,14,10.37037037037037,생활/복합형
4856,올림픽공원 서1문 앞,499,0,0,499,0.0,100.0,66,13.226452905811623,여가/레저 특화형
4857,올림픽공원 장미광장,279,0,0,279,0.0,100.0,13,4.659498207885305,여가/레저 특화형
4859,잠실나루 나들목,213,99,104,416,25.0,51.20192307692307,96,23.076923076923077,여가/레저 특화형
4860,가락쌍용2차아파트 103동,63,59,112,234,47.863247863247864,26.923076923076923,9,3.8461538461538463,출퇴근 특화형
4862,성내교 남단,42,34,56,132,42.42424242424242,31.818181818181817,5,3.787878787878788,생활/복합형
4863,잠실나들목5,44,24,45,113,39.823008849557525,38.93805309734513,7,6.1946902654867255,생활/복합형
4864,송파사거리,199,197,281,677,41.506646971935005,29.394387001477106,37,5.465288035450517,생활/복합형
4865,한성백제역 1번출구 뒤,293,74,403,770,52.33766233766234,38.05194805194805,62,8.051948051948052,출퇴근 특화형
4867,가락대림아파트 앞,78,68,102,248,41.12903225806452,31.451612903225808,10,4.032258064516129,생활/복합형
4868,석촌호수 서호 남단,800,0,0,800,0.0,100.0,60,7.5,여가/레저 특화형
4870,몽촌토성역 3번 출구,631,171,648,1450,44.689655172413794,43.51724137931035,189,13.034482758620689,생활/복합형
4871,오금동 대림아파트 정문,63,29,48,140,34.285714285714285,45.0,10,7.142857142857142,생활/복합형
4872,개롱역 3번 출구 뒤,114,44,206,364,56.59340659340659,31.318681318681318,33,9.065934065934066,출퇴근 특화형
4873,개롱역사거리 2번 출구,55,27,171,253,67.58893280632411,21.73913043478261,12,4.743083003952568,출퇴근 특화형
4874,탄천1교 하부보도,127,0,0,127,0.0,100.0,22,17.322834645669293,여가/레저 특화형
4875,위례포레샤인13단지,25,30,43,98,43.87755102040816,25.510204081632654,8,8.16326530612245,생활/복합형
4879,마천청소년센터,12,19,24,55,43.63636363636363,21.818181818181817,3,5.454545454545454,생활/복합형
4880,송파청소년센터,49,76,71,196,36.224489795918366,25.0,10,5.1020408163265305,생활/복합형
4882,위례포레샤인18단지 1802동,16,25,48,89,53.93258426966292,17.97752808988764,7,7.865168539325842,출퇴근 특화형
4883,위례포레샤인18단지 1812동,24,21,24,69,34.78260869565217,34.78260869565217,1,1.4492753623188406,생활/복합형
4884,H비즈니스파크,76,97,95,268,35.44776119402985,28.35820895522388,33,12.313432835820896,생활/복합형
4885,가든파이브 리빙관,30,26,24,80,30.0,37.5,5,6.25,생활/복합형
4886,배명고등학교 건너편,82,75,144,301,47.840531561461795,27.242524916943523,23,7.641196013289036,출퇴근 특화형
4887,호돌이상가,80,58,71,209,33.97129186602871,38.27751196172249,30,14.354066985645932,생활/복합형
4888,둔촌오륜역 2번출구,33,9,51,93,54.83870967741935,35.483870967741936,2,2.1505376344086025,출퇴근 특화형
4891,위례포레나송파,51,54,63,168,37.5,30.357142857142854,15,8.928571428571429,생활/복합형
4892,성내유수지 체육공원,91,0,0,91,0.0,100.0,1,1.098901098901099,여가/레저 특화형
4893,문정법조단지12,91,107,238,436,54.58715596330275,20.871559633027523,31,7.110091743119266,출퇴근 특화형
4895,송파레이크힐 상가,78,92,102,272,37.5,28.676470588235293,28,10.294117647058822,생활/복합형
4897,잠실주공5단지1,316,168,440,924,47.61904761904761,34.1991341991342,103,11.147186147186147,출퇴근 특화형
5751,송파여성축구장,58,29,19,106,17.92452830188679,54.71698113207547,0,0.0,여가/레저 특화형
5752,풍납백제문화공원 옆 인근,230,110,208,548,37.95620437956204,41.97080291970803,103,18.795620437956202,여가/레저 특화형
5753,호반써밋,78,82,103,263,39.163498098859314,29.65779467680608,19,7.224334600760455,생활/복합형
5756,극동아파트,63,74,85,222,38.288288288288285,28.37837837837838,18,8.108108108108109,생활/복합형
5758,올림픽선수기자촌아파트 123동 근처,99,32,50,181,27.624309392265197,54.69613259668509,17,9.392265193370166,여가/레저 특화형
5759,풍납근린공원,164,0,0,164,0.0,100.0,16,9.75609756097561,여가/레저 특화형
5760,풍납사거리 성내유수지,124,0,0,124,0.0,100.0,6,4.838709677419355,여가/레저 특화형
5761,버섯분수대,71,76,109,256,42.578125,27.734375,12,4.6875,생활/복합형
5763,세륜초등학교 건너편,91,20,26,137,18.97810218978102,66.42335766423358,13,9.48905109489051,여가/레저 특화형
5764,한국체육대학교,65,44,24,133,18.045112781954884,48.87218045112782,19,14.285714285714285,생활/복합형
5765,삼전동주민센터 건너편,233,129,206,568,36.267605633802816,41.021126760563384,50,8.80281690140845,생활/복합형
5766,북위례1,19,22,60,101,59.4059405940594,18.81188118811881,5,4.9504950495049505,출퇴근 특화형
5767,북위례2,19,19,30,68,44.11764705882353,27.941176470588236,7,10.294117647058822,생활/복합형
5768,방이삼거리,510,404,502,1416,35.451977401129945,36.016949152542374,75,5.296610169491525,생활/복합형
5773,송파시그니처롯데캐슬,37,18,42,97,43.29896907216495,38.144329896907216,17,17.525773195876287,여가/레저 특화형
5774,가락본동주민센터 인근,79,130,129,338,38.16568047337278,23.37278106508876,18,5.325443786982249,생활/복합형
5775,가락시장역 5번출구,52,22,153,227,67.40088105726872,22.90748898678414,6,2.643171806167401,출퇴근 특화형
5777,호반써밋12단지,37,51,75,163,46.012269938650306,22.699386503067483,16,9.815950920245399,출퇴근 특화형
5778,북위례3,52,41,51,144,35.41666666666667,36.11111111111111,17,11.805555555555555,생활/복합형
5779,나래교,21,26,55,102,53.92156862745098,20.588235294117645,4,3.9215686274509802,출퇴근 특화형
5780,송파세무서,25,14,35,74,47.2972972972973,33.78378378378378,11,14.864864864864865,출퇴근 특화형
5781,올림픽공원 수영장,887,0,0,887,0.0,100.0,82,9.244644870349493,여가/레저 특화형
5782,오금현대 아파트 상가입구 앞,68,58,94,220,42.72727272727273,30.909090909090907,9,4.090909090909091,생활/복합형
5783,성내5교 2,114,29,56,199,28.14070351758794,57.286432160804026,36,18.090452261306535,여가/레저 특화형
5784,한강버스 잠실 선착장,1325,0,0,1325,0.0,100.0,352,26.566037735849058,여가/레저 특화형
5785,한림연예예술고등학교,51,30,85,166,51.204819277108435,30.72289156626506,14,8.433734939759036,출퇴근 특화형
5786,문정로데오거리입구,49,51,83,183,45.3551912568306,26.775956284153008,7,3.825136612021858,출퇴근 특화형
