대여소번호,대여소명,자치구,상세주소,위도,경도,설치시기,거치대수_LCD,거치대수_QR,운영방식,총거치대수
1201,가락시장역 3번 출구,송파구,서울특별시 송파구 송파대로 지하 257,37.49317932,127.11854553,2017-06-22 10:19:02,15,0,LCD,15
1203,밀리아나2빌딩 앞,송파구,서울특별시 송파구 송파대로28길 24,37.49372864,127.12062073,2017-05-26 10:13:07,20,0,LCD,20
1204,거여역 3번출구,송파구,서울특별시 송파구 오금로 지하 499,37.49334335,127.14472961,2017-06-28 17:16:56,10,0,LCD,10
1205,종합운동장역 4번출구,송파구,서울특별시 송파구 올림픽로 8,37.51042938,127.07137299,2017-04-24 13:23:55,15,0,LCD,15
1206,9호선종합운동장역 9번출구,송파구,서울특별시 송파구 올림픽로 지하 23,37.51128006,127.07823944,2017-04-24 13:24:43,20,0,LCD,20
1207,마천중앙시장,송파구,서울특별시 송파구 성내천로 233,37.49975586,127.15250397,2017-05-26 10:14:31,10,0,LCD,10
1208,풍납현대아파트쉼터,송파구,서울특별시 송파구 풍성로14길 19,37.52974701,127.1199646,2017-04-24 13:25:37,25,0,LCD,25
1209,잠실나루역 (2번 출구 쪽),송파구,서울특별시 송파구 오금로 20,37.52045059,127.10420227,2017-04-24 13:26:13,20,0,LCD,20
1210,롯데월드타워(잠실역2번출구 쪽),송파구,서울특별시 송파구 올림픽로 293-19,37.51312637,127.10095978,2017-06-27 13:33:29,30,0,LCD,30
1212,송파역 2번 출구앞,송파구,서울특별시 송파구 송파대로 지하 354,37.49941254,127.11286926,2017-06-22 10:19:53,10,0,LCD,10
1213,백토공원 앞,송파구,서울특별시 송파구 양재대로72길 47-8,37.50831985,127.13321686,2017-04-24 13:27:00,12,0,LCD,12
1214,오금역 7번 출구 인근,송파구,서울특별시 송파구 오금로 지하 321,37.50259399,127.1276474,2017-05-26 10:16:20,10,0,LCD,10
1215,올림픽공원역 1번출구 앞,송파구,서울특별시 송파구 양재대로 지하 1233,37.51657104,127.13153839,2017-04-24 13:27:40,15,0,LCD,15
1217,송파파인타운 7단지,송파구,서울특별시 송파구 충민로4길 19,37.47930527,127.12979889,2017-04-24 13:31:21,15,0,LCD,15
1218,방이역 4번출구,송파구,서울특별시 송파구 양재대로 지하 1127,37.50896835,127.12583923,2017-06-27 13:35:15,12,0,LCD,12
1220,잠실근린공원,송파구,서울특별시 송파구 백제고분로15길 7,37.50569153,127.08403778,2017-04-24 13:32:19,15,0,LCD,15
1221,삼전역 4번출구,송파구,서울특별시 송파구 백제고분로 188,37.50419998,127.08753204,2017-07-11 11:27:58,10,0,LCD,10
1222,잠실새내역 5번 출구 뒤,송파구,서울특별시 송파구 백제고분로 95,37.51198196,127.08505249,2017-04-24 13:32:53,23,0,LCD,23
1224,아시아지하보도 2번 출구,송파구,서울특별시 송파구 올림픽로 74,37.51216888,127.07893372,2017-04-24 13:35:22,15,0,LCD,15
1226,잠실4동 주민센터 옆,송파구,서울특별시 송파구 올림픽로35길 16,37.52007675,127.11236572,2017-06-27 13:38:58,10,0,LCD,10
1227,거여역 8번출구 뒤,송파구,서울특별시 송파구 오금로 지하 499,37.49312592,127.14382172,2017-06-27 13:41:47,10,0,LCD,10
1228,마천사거리,송파구,서울특별시 송파구 거마로 51,37.49769974,127.14620209,2017-06-27 13:43:49,10,0,LCD,10
1229,송파체육문화회관 앞,송파구,서울특별시 송파구 양산로 15,37.49068832,127.14312744,2017-04-24 13:36:06,15,0,LCD,15
1230,송파중학교 정문,송파구,서울특별시 송파구 동남로 203,37.49567032,127.13059235,2017-06-27 13:44:54,10,0,LCD,10
1231,잠실역 6번출구,송파구,서울특별시 송파구 석촌호수로12길 3-5,37.51408768,127.09902954,2017-06-22 10:20:39,0,13,QR,13
1232,잠실주공 521동 건너편,송파구,서울특별시 송파구 석촌호수로12길 3-19,37.51184082,127.09568787,2017-06-22 10:20:39,10,0,LCD,10
1233,잠실3거리(갤러리아팰리스),송파구,서울특별시 송파구 석촌호수로12길 3-17,37.51050949,127.09336853,2017-04-24 13:37:32,9,0,LCD,9
1235,잠실트리지움310동 옆,송파구,서울특별시 송파구 잠실로 62,37.50887299,127.08716583,2017-04-24 13:38:59,0,14,QR,14
1239,문정 법조단지3,송파구,서울특별시 송파구 정의로 30,37.48084259,127.11801147,2017-06-27 13:52:05,13,0,LCD,13
1240,문정 법조단지4,송파구,서울특별시 송파구 새말로 62,37.48057556,127.11856842,2017-06-27 13:53:02,10,0,LCD,10
1241,문정 법조단지5,송파구,서울특별시 송파구 새말로 62,37.48123932,127.11979675,2017-06-27 13:54:01,10,0,LCD,10
1242,문정 법조단지6,송파구,서울특별시 송파구 법원로 101,37.48163223,127.11916351,2017-06-27 13:54:56,10,0,LCD,10
1243,문정 법조단지7,송파구,서울특별시 송파구 법원로 101,37.4845314,127.12016296,2017-06-27 13:55:43,0,29,QR,29
1244,문정 법조단지8,송파구,서울특별시 송파구 법원로 101,37.48153687,127.12212372,2017-06-27 13:56:41,11,0,LCD,11
1245,문정 법조단지9,송파구,서울특별시 송파구 법원로 101,37.47946548,127.12532806,2017-06-27 13:57:34,10,0,LCD,10
1246,문정 법조단지10,송파구,서울특별시 송파구 송파대로 지하 82,37.47750854,127.12632751,2017-06-27 13:58:32,30,0,LCD,30
1247,문정 법조단지11,송파구,서울특별시 송파구 법원로 101,37.4788208,127.12351227,2017-06-27 14:00:07,0,15,QR,15
1248,방이초등학교,송파구,서울특별시 송파구 위례성대로 114,37.51396179,127.12167358,2017-06-27 14:01:18,25,0,LCD,25
1250,문정2동 주민센터,송파구,서울특별시 송파구 중대로 16,37.48987198,127.11083984,2017-10-18 11:18:57,10,0,LCD,10
1251,석촌역 2번출구,송파구,서울특별시 송파구 송파동 68 ,37.50593185,127.10774994,2017-11-01 16:00:00,10,0,LCD,10
1253,오금역 3번 출구 뒤,송파구,서울특별시  송파구 가락동 10-15 ,37.50165176,127.12818146,2017-11-01 16:00:00,10,0,LCD,10
1256,문정현대아파트 교차로,송파구,서울특별시 송파구 문정동 3-2 ,37.49113083,127.12580872,2017-11-01 16:00:00,8,0,LCD,8
1258,가락미륭아파트 앞,송파구,서울특별시 서울 송파구 가락동 195-4,37.49319839,127.1289978,2017-11-01 16:00:00,10,0,LCD,10
1259,방이역 1번출구,송파구,서울특별시 송파구 오금동 17-20,37.50898361,127.12659454,2017-11-01 16:00:00,20,0,LCD,20
1260,방이동 한양3차아파트 옆,송파구,서울특별시 송파구 방이동 225-1,37.50630188,127.12139893,2017-11-01 16:00:00,8,0,LCD,8
1262,송파여성문화회관 앞,송파구,서울특별시 송파구 송파동 2-3 ,37.50580215,127.10971832,2017-11-01 16:00:00,10,0,LCD,10
1263,장지공영차고지,송파구,서울특별시 송파구 장지동 861-6,37.48054123,127.1370163,2017-11-01 16:00:00,10,0,LCD,10
1264,천호역 10번 출구 앞,송파구,서울특별시 송파구 풍납동 490-16,37.53858185,127.12280273,2017-11-01 16:00:00,8,0,LCD,8
1265,문정동 근린공원,송파구,서울특별시 송파구 문정동 38-3,37.48598862,127.12476349,2017-11-01 16:00:00,10,0,LCD,10
1266,문정동 글샘 공원,송파구,서울특별시 송파구 문정동 627,37.47880936,127.12000275,2017-11-01 16:00:00,0,10,QR,10
1267,올림픽공원 남2문 앞,송파구,서울특별시 송파구 올림픽로 424,37.51424026,127.12306976,2017-11-01 16:00:00,0,14,QR,14
1268,몽촌토성역 1번출구 옆,송파구,서울특별시 송파구 방이동 88-21 ,37.51728821,127.11419678,2017-11-01 16:00:00,0,15,QR,15
1269,리센츠아파트,송파구,서울특별시 송파구 올림픽로 135,37.51194382,127.09121704,2017-11-01 16:00:00,10,0,LCD,10
1271,송파도서관,송파구,서울특별시 송파구 동남로 263,37.49998474,127.13539124,2017-11-01 16:00:00,0,15,QR,15
1274,영파여고 앞,송파구,서울특별시 송파구 올림픽로 565,37.53284836,127.12104797,2017-11-01 16:00:00,20,0,LCD,20
1275,거여초등학교 옆,송파구,서울특별시 송파구 마천로25길 18,37.50458908,127.13936615,2017-12-22 14:47:47,15,0,LCD,15
1277,성내7교,송파구,서울특별시 송파구 마천로 164,37.50562668,127.1364212,2018-02-26 11:48:42,15,0,LCD,15
1278,송파구청 교차로,송파구,서울특별시 송파구 올림픽로 336,37.51579666,127.10681915,2018-02-26 11:50:05,0,16,QR,16
1279,마천금호어울림 1차아파트 건너편,송파구,서울특별시 송파구 성내천로39길 4,37.49751663,127.15467834,2018-02-26 11:53:31,10,0,LCD,10
1280,송파파크데일 2단지입구 앞 주차장,송파구,서울특별시 송파구 성내천로47길 23,37.49565887,127.15717316,2018-02-26 11:54:13,13,0,LCD,13
1282,송파소방서 맞은편(성내4교),송파구,서울특별시 송파구 오금로51길 56,37.49987411,127.14147949,2018-02-26 11:56:17,10,0,LCD,10
1283,오금공원 사거리,송파구,서울특별시 송파구 오금로 363,37.50541306,127.13169098,2018-02-26 11:56:54,8,0,LCD,8
1285,위례별 유치원 뒤,송파구,서울특별시 송파구 위례광장로 136,37.4774704,127.14459229,2018-02-26 11:59:40,10,0,LCD,10
1286,위례중앙푸르지오 1단지 앞,송파구,서울특별시 송파구 위례광장로 120,37.47437668,127.14067078,2018-02-26 12:00:19,10,0,LCD,10
1287,위례아이파크 101동 맞은편,송파구,서울특별시 송파구 위례순환로 419,37.47746658,127.14151001,2018-02-26 12:00:57,8,0,LCD,8
1288,문정중교 사거리,송파구,서울특별시 송파구 송이로 238,37.48799896,127.13108826,2018-02-26 12:02:00,15,0,LCD,15
1289,풍납토성 서성벽터B,송파구,서울특별시 송파구 토성로 2,37.53147125,127.11109161,2018-02-26 12:05:47,10,0,LCD,10
1290,위례송파꿈에그린아파트24단지 앞 성벽 다리 밑,송파구,송파구 위례광장로 121,37.47458267,127.13754272,2018-09-14 00:00:00,10,0,LCD,10
1291,서울체육고등학교 앞,송파구,송파구 강동대로 232,37.52193832,127.13186646,2018-09-07 00:00:00,10,0,LCD,10
1293,석촌호수 서호 사거리,송파구,송파구 삼전동 152,37.50656128,127.09655762,2018-09-12 00:00:00,14,0,LCD,14
1295,잠실역 8번출구,송파구,송파구 신천동 8,37.51396179,127.10030365,2018-09-07 00:00:00,25,0,LCD,25
1296,석촌호수교차로 (송파나루근린공원 앞),송파구,송파구 잠실동 48,37.50867844,127.1034317,2018-11-05 00:00:00,10,0,LCD,10
1297,석촌호수교차로(동호 팔각정 앞),송파구,송파구 잠실동 48,37.50920105,127.10411835,2018-09-07 00:00:00,15,0,LCD,15
1299,송파소방서 (방이119안전센터),송파구,송파구 방이동 89-29 ,37.51987839,127.13671112,2018-09-11 00:00:00,15,0,LCD,15
1300,오륜사거리,송파구,송파구 방이동 452-17 ,37.50693893,127.13922119,2018-10-25 00:00:00,15,0,LCD,15
2601,석촌호수 아뜰리에,송파구,송파구 삼학사로 136,37.5067482,127.09883118,2018-09-12 00:00:00,16,0,LCD,16
2603,송파 글마루 도서관,송파구,송파구 충민로 1206,37.48095322,127.13010406,2018-09-14 00:00:00,10,0,LCD,10
2604,풍납토성 서성벽터A,송파구,송파구 풍납동 307-4,37.53131104,127.11128235,2018-09-14 00:00:00,10,0,LCD,10
2605,복정역 1번 출구 앞,송파구,송파구 장지동 602-18,37.47129822,127.12709045,2018-09-14 00:00:00,15,0,LCD,15
2606,위례동주민센터 맞은편 근린공원,송파구,송파구 거여동 497,37.48173904,127.14322662,2018-09-14 00:00:00,15,0,LCD,15
2608,송파구청,송파구,송파구 올림픽로 326,37.5150528,127.10626984,2018-11-12 00:00:00,0,10,QR,10
2609,보성중고등학교 후문 앞,송파구,송파구 양재대로 1278,37.52048874,127.1352005,2018-11-14 00:00:00,10,0,LCD,10
2611,송파지역자활센터 뒤,송파구,송파구 풍성로 5길 16,37.53641891,127.11616516,2018-11-14 00:00:00,7,0,LCD,7
2613,잠실나들목,송파구,서울 송파구 잠실동 1,37.51678085,127.09049225,2018-11-14 00:00:00,18,0,LCD,18
2614,가락고등학교 앞,송파구,서울 송파구 송이로 42,37.50186157,127.11723328,2018-11-14 00:00:00,15,0,LCD,15
2615,테라타워2,송파구,송파대로 201,37.48834991,127.12078094,2018-11-14 00:00:00,15,0,LCD,15
2616,거여동 사거리,송파구,송파구 문정로 196,37.49704742,127.14035034,2018-11-27 00:00:00,10,0,LCD,10
2617,가락삼환아파트 앞,송파구,송파구 가락동 165-2,37.49618149,127.13803101,2018-11-27 00:00:00,15,0,LCD,15
2618,삼전역 1번출구,송파구,송파구 잠실동 289,37.50471115,127.08756256,2018-12-03 00:00:00,14,0,LCD,14
2619,석촌고분역 4번출구,송파구,송파구 삼전동 90,37.50233841,127.09644318,2018-11-14 00:00:00,0,9,QR,9
2620,송파나루역 4번 출구옆,송파구,송파구 송파동 3-15,37.50997925,127.11231232,2018-11-14 00:00:00,12,0,LCD,12
2621,한성백제역 2번 출구,송파구,송파구 방이동 11,37.51665878,127.11625671,2018-11-14 00:00:00,15,0,LCD,15
2622,올림픽공원역 3번출구,송파구,송파구 방이동 89-28,37.51625824,127.13059235,2018-11-14 00:00:00,20,0,LCD,20
2623,석촌동 주민센터,송파구,송파구 석촌동 312,37.50362396,127.10355377,2020-01-17 00:00:00,0,15,QR,15
2625,가락종합 사회복지관,송파구,양재대로 925,37.495536799999996,127.10720062,2020-01-20 00:00:00,0,15,QR,15
2626,"경찰병원역 1,2번 출구 사이",송파구,가락동 59,37.49569321,127.12385559,2020-01-20 00:00:00,0,15,QR,15
2627,문정시영아파트 5동 앞 공원,송파구,송이로 31길 56,37.4911232,127.13510895,2020-01-20 00:00:00,0,15,QR,15
2628,문정역 1번출구,송파구,문정동 55-13,37.48669815,127.12244415,2020-01-20 00:00:00,0,15,QR,15
2630,서울방이동 고분군,송파구,방이동 17,37.50786591,127.11698914,2020-01-21 00:00:00,0,12,QR,12
2631,배명고등학교,송파구,삼학사 11,37.49741364,127.09630585,2020-01-17 00:00:00,0,15,QR,15
2632,석촌고분역 2번 출구,송파구,백제고분로 275,37.50264359,127.09739685,2020-01-17 00:00:00,0,9,QR,9
2633,송파학사 옆,송파구,위례순환로 364,37.47817993,127.14710236,2020-01-21 00:00:00,0,20,QR,20
2634,위례포레샤인아파트 2318동,송파구,장지동 390-4,37.477211,127.13717651,2020-01-21 00:00:00,0,10,QR,10
2635,잠실새내역 1번출구,송파구,올림픽로 지하 140,37.51129532,127.08673859,2020-01-16 00:00:00,0,21,QR,21
2637,아시아지하보도 14번 출구,송파구,올림픽로 74,37.51146317,127.07881165,2020-01-16 00:00:00,0,15,QR,15
2639,석촌역 8번출구,송파구,송파구 석촌동 209,37.50550461,127.10657501,2020-01-17 00:00:00,0,18,QR,18
2641,송파역 4번출구,송파구,송파대로 345,37.50004959,127.11151123,2020-01-20 00:00:00,0,15,QR,15
2642,마천동 성내천 쉼터,송파구,성내천로 179,37.50149536,127.14778137,2020-01-15 00:00:00,0,12,QR,12
2643,풍납중학교 측면,송파구,풍납동460,37.52515793,127.11694336,2020-01-21 00:00:00,0,10,QR,10
2644,성내5교,송파구,동남로298,37.50166702,127.13774109,2020-01-15 00:00:00,0,10,QR,10
2645,잠실나들목2(엘스아파트136동),송파구,송파구 잠실동 18-1,37.51621246,127.08434296,2020-01-16 00:00:00,0,10,QR,10
2646,레이크펠리스101동앞,송파구,잠실로88,37.50775909,127.09129333,2020-01-16 00:00:00,0,15,QR,15
2647,잠실 자전거 수리센터 앞,송파구,송파구 잠실동 41,37.51156998,127.10107422,2020-01-16 00:00:00,0,7,QR,7
2648,헬리오시티 112동 앞,송파구,송파구 가락동 509-11,37.49469757,127.10464478,2020-01-17 00:00:00,0,30,QR,30
2649,오금공원사거리2,송파구,마천로103,37.50544357,127.13233185,2020-01-15 00:00:00,0,10,QR,10
2650,위례22단지 2208동 다리앞,송파구,위례광장로163,37.47854996,127.13813782,2020-01-21 00:00:00,0,7,QR,7
2651,경찰병원역 3번출구 앞,송파구,송파구 가락동 123,37.49612427,127.12480164,2020-01-20 00:00:00,0,20,QR,20
2652,송파 레미니스1단지 102동 앞,송파구,오금동 96,37.50883102,127.13426208,2020-01-15 00:00:00,0,41,QR,41
2653,올림픽공원사거리(선수촌아파트),송파구,양재대로 1218,37.51202011,127.12864685,2020-01-15 00:00:00,0,25,QR,25
2654,올림픽선수촌아파트 136동 앞,송파구,양재대로 1218,37.50997543,127.13369751,2020-01-16 00:00:00,0,10,QR,10
2655,송이공원,송파구,송파동 169,37.50057983,127.11884308,2020-01-17 00:00:00,0,20,QR,20
2656,풍납동 아이파크 107동 앞,송파구,올림픽로43길 34,37.52480316,127.11463928,2020-06-08 00:00:00,0,10,QR,10
2657,송파 파인타운 11단지,송파구,장지동 854-3,37.47916031,127.13219452,2020-06-04 00:00:00,0,10,QR,10
2658,가락몰 업무동,송파구,가락동 600,37.49535751,127.11569214,2020-06-04 00:00:00,0,10,QR,10
2659,서울친환경유통센터,송파구,가락동 600,37.49416733,127.10453033,2020-06-04 00:00:00,0,10,QR,10
4452,삼성SDS,송파구,올림픽로35길 125,37.51633835,127.09985352,2021-01-04 00:00:00,0,10,QR,10
4453,위례중앙푸르지오 201동 앞,송파구,위례광장로 290,37.47434616,127.14326477,2020-12-30 00:00:00,0,15,QR,15
4454,위례 포레샤인 1809동 부근,송파구,거여동 274,37.48687744,127.1526947,2021-01-22 00:00:00,0,15,QR,15
4457,아산병원 기숙사 부근,송파구,올림픽로43길 88,37.52478027,127.10913086,2021-01-04 00:00:00,0,50,QR,50
4458,가락2동주민센터 인근,송파구,중대로191,37.49917603,127.12589264,2021-01-04 00:00:00,0,10,QR,10
4460,올림픽훼미리아파트 112동 앞,송파구,중대로24,37.48807144,127.11863708,2021-01-05 00:00:00,0,8,QR,8
4461,한양3차아파트 3동 앞,송파구,방이동225,37.50585175,127.12194061,2021-01-04 00:00:00,0,7,QR,7
4462,가락중학교 앞,송파구,송파동166-2,37.50223541,127.11728668,2021-01-05 00:00:00,0,8,QR,8
4463,방이역 2번 출구,송파구,오금동43,37.50801468,127.12594604,2021-01-04 00:00:00,0,10,QR,10
4464,올림픽공원 북2문 A,송파구,방이동88-16,37.52357483,127.12804413,2020-12-23 00:00:00,0,15,QR,15
4465,건영아파트앞 사거리,송파구,문정동 72,37.48245621,127.12460327,2021-01-05 00:00:00,0,10,QR,10
4468,가락1동주민센터,송파구,양재대로 925,37.49650955,127.11032867,2020-12-30 00:00:00,0,15,QR,15
4469,거여동 어울림아파트 102동앞,송파구,오금로56길28,37.49198532,127.14373016,2021-01-04 00:00:00,0,10,QR,10
4472,송파파크데일 1단지 115동 건너편,송파구,마천동588,37.49763107,127.15966797,2020-12-23 00:00:00,0,10,QR,10
4473,마천금호어울림 1차 102동앞,송파구,성내천로245,37.49808884,127.15429688,2020-12-23 00:00:00,0,10,QR,10
4474,가락현대 1차 11동 앞,송파구,문정동 3,37.49146652,127.12664032,2020-12-24 00:00:00,0,10,QR,10
4475,송파파인타운 4단지 403동,송파구,새말로12길 16,37.48174286,127.12878418,2020-12-24 00:00:00,0,10,QR,10
4478,문정근린공원2,송파구,문정동90,37.4861145,127.12667084,2020-12-30 00:00:00,0,10,QR,10
4479,문정중학교,송파구,문정로73,37.48827362,127.1306839,2020-12-30 00:00:00,0,10,QR,10
4480,가락시장 남1문 사거리,송파구,중대로70-2,37.49201584,127.11745453,2021-01-04 00:00:00,0,10,QR,10
4481,올림픽공원 북2문 B,송파구,방이동88-16,37.52397537,127.12751007,2020-12-23 00:00:00,0,25,QR,25
4483,잠실나들목4,송파구,잠실동24,37.5161171,127.08466339,2020-12-24 00:00:00,0,10,QR,10
4484,잠실나루역4번출구뒤,송파구,신천동15,37.52080917,127.10362244,2021-01-04 00:00:00,0,10,QR,10
4485,잠실나루역 고가하부,송파구,오금로20,37.51988602,127.1043396,2021-01-04 00:00:00,0,10,QR,10
4486,홈플러스 잠실점,송파구,올림픽로35가길 16,37.51613998,127.103508,2021-01-04 00:00:00,0,10,QR,10
4488,문현중고등학교 사이,송파구,장지동838-2,37.48051071,127.12862396,2020-12-24 00:00:00,0,10,QR,10
4490,송파파인타운 10단지 1005동,송파구,송파대로8길 20,37.4777832,127.13205719,2020-12-24 00:00:00,0,10,QR,10
4491,장지역 1번출구,송파구,충민로2길 8,37.47953415,127.12678528000001,2021-01-05 00:00:00,0,10,QR,10
4493,마천사거리 2,송파구,마천동 36,37.49900436,127.14694214,2021-01-04 00:00:00,0,10,QR,10
4496,잠실 파크리오 120동 앞,송파구,올림픽로 435,37.51921082,127.10794067,2020-12-24 00:00:00,0,10,QR,10
4497,아시아선수촌아파트 교차로,송파구,올림픽로4길 15,37.50679016,127.07926941,2021-01-04 00:00:00,0,20,QR,20
4499,세양청마루 101동 앞,송파구,송이로31길 66,37.49236679,127.1365509,2020-12-30 00:00:00,0,10,QR,10
4852,서울복합물류 게이트 1,송파구,장지동 662,37.47600174,127.12310028,2021-01-05 00:00:00,0,10,QR,10
4854,가락시장역 2번 출구,송파구,가락동 184-23,37.492733,127.11798859,2021-01-04 00:00:00,0,10,QR,10
4855,거여5단지 503동 앞,송파구,양산로4길 16,37.48933029,127.1460495,2021-01-04 00:00:00,0,10,QR,10
4856,올림픽공원 서1문 앞,송파구,올림픽로 424,37.5202179,127.11457062,2021-01-05 00:00:00,0,10,QR,10
4857,올림픽공원 장미광장,송파구,방이동 88-18,37.51275635,127.126297,2021-01-19 00:00:00,0,15,QR,15
4859,잠실나루 나들목,송파구,신천동 6,37.52148438,127.10028076,2021-01-05 00:00:00,0,15,QR,15
4860,가락쌍용2차아파트 103동,송파구,가락동22-7,37.50226974,127.12195587,2021-04-13 00:00:00,0,7,QR,7
4862,성내교 남단,송파구,마천동 307-1,37.52301788,127.11588287,2021-04-07 00:00:00,0,10,QR,10
4863,잠실나들목5,송파구,송파구 잠실동 19-4,37.5164032,127.07761383,2021-03-30 00:00:00,0,7,QR,7
4864,송파사거리,송파구,송파구 송파동 97-2,37.50205612,127.11054993,2021-04-27 00:00:00,0,10,QR,10
4865,한성백제역 1번출구 뒤,송파구,송파구 방이동 45-4,37.51647949,127.1149826,2021-04-28 00:00:00,0,5,QR,5
4867,가락대림아파트 앞,송파구,송파구 가락동 94-9,37.5000267,127.11843109,2021-04-28 00:00:00,0,10,QR,10
4868,석촌호수 서호 남단,송파구,송파구 석촌동 158,37.50717163,127.10124207,2021-05-18 00:00:00,0,10,QR,10
4870,몽촌토성역 3번 출구,송파구,송파구 방이동 40-6,37.5170784,127.11232758,2021-07-13 00:00:00,0,10,QR,10
4871,오금동 대림아파트 정문,송파구,송파구 오금동 2,37.51072693,127.13040161,2021-07-13 00:00:00,0,7,QR,7
4872,개롱역 3번 출구 뒤,송파구,송파구 가락동 166-1,37.49806213,127.13461304,2021-07-13 00:00:00,0,7,QR,7
4873,개롱역사거리 2번 출구,송파구,송파구 오금동 166,37.49827194,127.13486481,2021-08-24 00:00:00,0,7,QR,7
4874,탄천1교 하부보도,송파구,송파구 잠실동 348,37.50117111,127.08516693,2021-08-26 00:00:00,0,10,QR,10
4875,위례포레샤인13단지,송파구,송파구 거여동 657,37.4826355,127.1399231,2021-08-26 00:00:00,0,4,QR,4
4879,마천청소년센터,송파구,송파구 마천동 325-29,37.49222183,127.15659332,2021-09-30 00:00:00,0,5,QR,5
4880,송파청소년센터,송파구,송파구 문정동 150,37.48995972,127.11196136,2021-09-24 00:00:00,0,9,QR,9
4881,거여동사거리 송파둘레길 입구,송파구,송파구 거여동 산23-34,37.49535751,127.13947296,2021-09-30 00:00:00,0,5,QR,5
4882,위례포레샤인18단지 1802동,송파구,송파구 거여동 산60-1,37.48868561,127.15226746,2021-09-30 00:00:00,0,5,QR,5
4883,위례포레샤인18단지 1812동,송파구,송파구 거여동 657-12,37.48714828,127.15328217,2021-09-30 00:00:00,0,10,QR,10
4884,H비즈니스파크,송파구,송파구 문정동 373,37.48352432,127.11683655,2021-11-11 00:00:00,0,16,QR,16
4885,가든파이브 리빙관,송파구,송파구 문정동 634,37.47709656,127.123703,2021-11-11 00:00:00,0,8,QR,8
4886,배명고등학교 건너편,송파구,송파구 석촌동 302-1,37.49793243,127.09675598,2021-11-10 00:00:00,0,6,QR,6
4887,호돌이상가,송파구,송파구 문정동 150,37.48633575,127.11374664,2021-11-10 00:00:00,0,6,QR,6
4888,둔촌오륜역 2번출구,송파구,방이동 89-29,37.51869202,127.13906097,2021-09-30 00:00:00,0,10,QR,10
4889,마천역 1번 출구 인근②,송파구,거여동 694,37.49459076,127.15109253,2021-09-30 00:00:00,0,14,QR,14
4891,위례포레나송파,송파구,송파구 거여동 657-12,37.48455429,127.14919281,2021-11-10 00:00:00,0,10,QR,10
4892,성내유수지 체육공원,송파구,송파구 방이동 88-13,37.52597046,127.11820984,2021-11-10 00:00:00,0,18,QR,18
4893,문정법조단지12,송파구,송파구 문정동 500-1,37.48639297,127.11483765,2021-11-11 00:00:00,0,6,QR,6
4895,위례포레샤인15단지 상가,송파구,송파구 거여동 604,37.48641586,127.14205933,2021-11-10 00:00:00,0,6,QR,6
4896,위례포레샤인15단지,송파구,송파구 거여동 603,37.48688889,127.14169312,2021-11-10 00:00:00,0,10,QR,10
4897,잠실주공5단지1,송파구,송파구잠실동27,37.51633453,127.09380341,2021-11-29 00:00:00,0,15,QR,15
5751,송파여성축구장,송파구,방이동 88-9,37.52471542,127.11743927,2022-05-19 00:00:00,0,10,QR,10
5752,풍납백제문화공원 옆 인근,송파구,풍납동 219-3,37.53488159,127.11522675,2022-05-19 00:00:00,0,6,QR,6
5753,호반써밋,송파구,송파구 거여동 607-1,37.48294449,127.14044189,2022-05-19 00:00:00,0,9,QR,9
5756,극동아파트,송파구,송파구 풍납동 436,37.52618027,127.11676025,2022-09-01 00:00:00,0,10,QR,10
5758,올림픽선수기자촌아파트 123동 근처,송파구,송파구 방이동 89-2,37.51064301,127.13167572,2022-09-01 00:00:00,0,10,QR,10
5759,풍납근린공원,송파구,송파구 풍납동 70-18,37.53913879,127.12162018,2022-09-22 00:00:00,0,6,QR,6
5760,풍납사거리 성내유수지,송파구,풍납동 413-1,37.52765274,127.11930084,2022-10-04 00:00:00,0,8,QR,8
5761,버섯분수대,송파구,송파구 가락동 95-3,37.49755478,127.11494446,2022-10-12 00:00:00,0,10,QR,10
5763,세륜초등학교 건너편,송파구,송파구 방이동 89-28,37.51919556,127.13262177,2022-10-11 00:00:00,0,10,QR,10
5764,한국체육대학교,송파구,송파구 방이동 89-28,37.51795959,127.13178253,2022-10-11 00:00:00,0,8,QR,8
5765,삼전동주민센터 건너편,송파구,송파구 삼전동 86,37.50301743,127.0921402,2022-10-19 00:00:00,0,12,QR,12
5766,북위례1,송파구,송파구 거여동 657-12,37.48693085,127.15364838,2022-12-23 00:00:00,0,15,QR,15
5767,북위례2,송파구,송파구 거여동 657-12,37.48483276,127.1499176,2022-12-23 00:00:00,0,15,QR,15
5768,방이삼거리,송파구,송파구 방이동 66-3,37.51229095,127.10825348,2023-02-10 00:00:00,0,12,QR,12
5773,송파시그니처롯데캐슬,송파구,송파구 거여동 695,37.49714279,127.14641571,2023-04-28 00:00:00,0,12,QR,12
5774,가락본동주민센터 인근,송파구,송파구 가락동 100-2,37.49428558,127.1217041,2023-04-28 00:00:00,0,10,QR,10
5775,가락시장역 5번출구,송파구,송파구 가락동 100-2,37.49253845,127.1194458,2023-07-07 00:00:00,0,10,QR,10
5777,호반써밋12단지,송파구,송파구 거여동 657,37.48448563,127.14067841,2023-07-12 00:00:00,0,11,QR,11
5778,북위례3,송파구,송파구 거여동 657-12,37.48884964,127.15699768,2023-10-24 00:00:00,0,15,QR,15
5779,나래교,송파구,송파구 장지동 431-8,37.48009491,127.1384964,2024-03-18 00:00:00,0,8,QR,8
5780,송파세무서,송파구,송파구 풍납동 388-6,37.52646255,127.11369324,2024-04-23 00:00:00,0,10,QR,10
5781,올림픽공원 수영장,송파구,송파구 올림픽로 424,37.52157211,127.12688446,2024-05-14 00:00:00,0,14,QR,14
5782,오금현대아파트 상가입구 앞,송파구,송파구 오금로35길 17,37.50366211,127.12606049,2024-10-08 00:00:00,0,5,QR,5
5783,성내5교 2,송파구,송파구 오금동 75-4,37.5018692,127.13741302,2025-08-25 00:00:00,0,7,QR,7
5784,한강버스 잠실 선착장,송파구,송파구 한가람로 65 한강공원잠실안내센터,37.5177536,127.08446503,2025-08-01 00:00:00,0,30,QR,30
5785,한림연예 예술고등학교,송파구,송파구 장지동 850-4,37.48488235,127.13278198,2025-10-17 00:00:00,0,20,QR,20
5786,문정로데오거리입구,송파구,송파구 문정동 54-2,37.48887634,127.1216507,2026-04-30 00:00:00,0,6,QR,6
