region_code,region_name,sub_region,station_id,lat,lon,solar_radiation_mj_year,sunshine_hours_year,wind_speed_10m,wind_speed_80m,surface_roughness_alpha,solar_radiation_kwh_day,wind_speed_50m,land_price_m2,real_estate_tier,land_availability
SEOUL,서울특별시,서울(종로),108,37.5714,126.9658,4580.5,2066.0,2.3,3.4,0.28,3.486,3.61,650000,극도 고가,거의 불가
BUSAN,부산광역시,부산(기장/해안),159,35.1047,129.032,5150.2,2326.5,3.4,5.2,0.16,3.919,4.4,115000,고가,매우 제한적
DAEGU,대구광역시,대구(군위/달성),143,35.8779,128.653,5210.8,2280.2,2.2,3.5,0.22,3.966,3.13,68000,중고가,제한적
INCHEON,인천광역시,인천(강화/옹진),112,37.4777,126.6249,4690.4,2185.0,2.9,4.6,0.18,3.57,3.87,135000,고가,제한적(강화/옹진)
GWANGJU,광주광역시,광주(광산구 외곽),156,35.1729,126.8916,5120.6,2195.4,1.9,3.1,0.2,3.897,2.62,72000,중고가,제한적
DAEJEON,대전광역시,대전(유성 외곽),133,36.372,127.3732,4980.2,2180.5,1.8,2.9,0.2,3.79,2.48,105000,고가,매우 제한적
ULSAN,울산광역시,울산(울주 해안),152,35.5825,129.3347,5180.4,2290.0,3.1,4.8,0.16,3.942,4.01,62000,중가,보통(울주군 외곽)
SEJONG,세종특별자치시,세종(조치원/연기),239,36.48,127.289,4940.0,2160.0,1.7,2.7,0.19,3.76,2.31,92000,중고가,제한적
GYEONGGI,경기도,화성/평택/여주,119,37.2575,126.983,4720.5,2140.2,1.9,3.0,0.18,3.592,2.54,175000,고가,보통(경기외곽)
GANGWON_COAST,강원특별자치도,강릉/삼척(동해안),105,37.7515,128.891,4950.0,2240.5,2.8,5.1,0.15,3.767,3.56,15500,최저가,풍부(임야/산간)
GANGWON_MT,강원특별자치도,대관령/평창/태백(고원산간),100,37.6771,128.7183,4820.0,2190.0,4.3,7.3,0.14,3.668,5.39,15500,최저가,풍부(임야/산간)
CHUNGBUK,충청북도,청주/괴산/영동,131,36.6372,127.4414,4890.0,2170.8,1.8,2.8,0.18,3.721,2.4,26000,저가,양호(관리/농림)
CHUNGNAM,충청남도,서산/태안/보령(서해안),129,36.7766,126.4939,5080.5,2260.0,3.0,5.3,0.16,3.866,3.88,32000,중저가,풍부(서해안 간척/농림)
JEONBUK,전북특별자치도,군산/고창/부안(서해안),146,35.8409,127.1172,5160.0,2245.0,2.7,5.0,0.16,3.927,3.49,22000,저가,매우 풍부(간척/농림)
JEONNAM_WEST,전라남도,신안/목포/해남(서남해도서),165,34.8171,126.3812,5420.0,2380.0,3.9,6.7,0.14,4.125,4.89,18500,최저가권,극히 풍부(염해농지/도서/간척)
JEONNAM_SOUTH,전라남도,여수/고흥/완도(남해안),168,34.7393,127.7406,5360.0,2360.5,3.6,6.3,0.15,4.079,4.58,18500,최저가권,극히 풍부(염해농지/도서/간척)
GYEONGBUK_INLAND,경상북도,안동/의성/상주(북부내륙),136,36.5729,128.7073,5190.0,2270.0,2.1,3.4,0.18,3.95,2.81,19500,최저가권,풍부(임야/산간/농림)
GYEONGBUK_COAST,경상북도,영덕/영양/포항(동해안/풍황지),277,36.415,129.365,5280.0,2340.0,3.7,6.8,0.15,4.018,4.71,19500,최저가권,풍부(임야/산간/농림)
GYEONGNAM,경상남도,밀양/합천/창녕(경남서부),192,35.1638,128.04,5210.0,2310.0,2.3,3.8,0.17,3.965,3.02,28500,중저가,양호(임야/농림)
JEJU_INLAND,제주특별자치도,제주시/서귀포(중산간),184,33.5141,126.5297,4860.0,1980.0,3.8,6.1,0.16,3.699,4.92,58000,중가,제한적(환경평가/중산간제한)
JEJU_WIND,제주특별자치도,고산/한경/성산(해안풍황지),185,33.2938,126.1628,4920.0,2040.0,5.4,7.6,0.13,3.744,6.66,58000,중가,제한적(환경평가/중산간제한)
