region_code,region_name,sub_region,station_id,lat,lon,solar_radiation_mj_year,sunshine_hours_year,wind_speed_10m,wind_speed_80m,surface_roughness_alpha,solar_radiation_kwh_day,wind_speed_50m,land_price_m2,real_estate_tier,land_availability,solar_daily_gen_hours,solar_annual_gen_kwh,wind_capacity_factor,wind_annual_gen_kwh,solar_land_cost_krw,solar_total_capex_krw,smp_krw_kwh,solar_tariff_krw_kwh,solar_annual_revenue_krw,solar_annual_cf_krw,solar_payback_years,solar_roi_20yr_pct,solar_discounted_payback_years,solar_lcoe_krw_kwh,wind_land_cost_krw,wind_total_capex_krw,wind_tariff_krw_kwh,wind_annual_revenue_krw,wind_annual_cf_krw,wind_payback_years,wind_roi_20yr_pct,wind_discounted_payback_years,wind_lcoe_krw_kwh,optimal_tech,best_payback_years
SEOUL,서울특별시,서울(종로),108,37.5714,126.9658,4580.5,2066.0,2.3,3.4,0.28,3.486,3.61,650000,극도 고가,거의 불가,3.049,1112885.0,0.055,481800.0,9360000000.0,10560000000.0,132.5,204.5,227584982.0,209584982.0,50.39,-60.3,35.0,745.6,3510000000.0,5910000000.0,218.89999999999998,105466020.0,45466020.0,129.99,-84.6,35.0,1067.5,태양광(Solar),50.39
BUSAN,부산광역시,부산(기장/해안),159,35.1047,129.032,5150.2,2326.5,3.4,5.2,0.16,3.919,4.4,115000,고가,매우 제한적,3.429,1251585.0,0.19,1664400.0,1656000000.0,2856000000.0,132.5,204.5,255949132.0,237949132.0,12.0,66.6,17.65,189.8,621000000.0,3021000000.0,218.89999999999998,364337160.0,304337160.0,9.93,101.5,13.45,175.6,풍력(Wind),9.93
DAEGU,대구광역시,대구(군위/달성),143,35.8779,128.653,5210.8,2280.2,2.2,3.5,0.22,3.966,3.13,68000,중고가,제한적,3.469,1266185.0,0.0625,547500.0,979200000.0,2179200000.0,132.5,204.5,258934832.0,240934832.0,9.04,121.1,11.87,146.5,367200000.0,2767200000.0,218.89999999999998,119847750.0,59847750.0,46.24,-56.7,35.0,498.1,태양광(Solar),9.04
INCHEON,인천광역시,인천(강화/옹진),112,37.4777,126.6249,4690.4,2185.0,2.9,4.6,0.18,3.57,3.87,135000,고가,제한적(강화/옹진),3.123,1139895.0,0.145,1270200.0,1944000000.0,3144000000.0,132.5,204.5,233108528.0,215108528.0,14.62,36.8,24.36,227.8,729000000.0,3129000000.0,218.89999999999998,278046780.0,218046780.0,14.35,39.4,23.58,236.6,풍력(Wind),14.35
GWANGJU,광주광역시,광주(광산구 외곽),156,35.1729,126.8916,5120.6,2195.4,1.9,3.1,0.2,3.897,2.62,72000,중고가,제한적,3.409,1244285.0,0.05,438000.0,1036800000.0,2236800000.0,132.5,204.5,254456282.0,236456282.0,9.46,111.4,12.6,152.7,388800000.0,2788800000.0,218.89999999999998,95878200.0,35878200.0,77.73,-74.3,35.0,626.5,태양광(Solar),9.46
DAEJEON,대전광역시,대전(유성 외곽),133,36.372,127.3732,4980.2,2180.5,1.8,2.9,0.2,3.79,2.48,105000,고가,매우 제한적,3.316,1210340.0,0.05,438000.0,1512000000.0,2712000000.0,132.5,204.5,247514530.0,229514530.0,11.82,69.3,17.24,187.1,567000000.0,2967000000.0,218.89999999999998,95878200.0,35878200.0,82.7,-75.8,35.0,657.7,태양광(Solar),11.82
ULSAN,울산광역시,울산(울주 해안),152,35.5825,129.3347,5180.4,2290.0,3.1,4.8,0.16,3.942,4.01,62000,중가,보통(울주군 외곽),3.449,1258885.0,0.16,1401600.0,892800000.0,2092800000.0,132.5,204.5,257441982.0,239441982.0,8.74,128.8,11.36,142.1,334800000.0,2734800000.0,218.89999999999998,306810240.0,246810240.0,11.08,80.5,15.69,192.8,태양광(Solar),8.74
SEJONG,세종특별자치시,세종(조치원/연기),239,36.48,127.289,4940.0,2160.0,1.7,2.7,0.19,3.76,2.31,92000,중고가,제한적,3.289,1200485.0,0.05,438000.0,1324800000.0,2524800000.0,132.5,204.5,245499182.0,227499182.0,11.1,80.2,15.73,176.7,496800000.0,2896800000.0,218.89999999999998,95878200.0,35878200.0,80.74,-75.2,35.0,645.4,태양광(Solar),11.1
GYEONGGI,경기도,화성/평택/여주,119,37.2575,126.983,4720.5,2140.2,1.9,3.0,0.18,3.592,2.54,175000,고가,보통(경기외곽),3.143,1147195.0,0.05,438000.0,2520000000.0,3720000000.0,132.5,204.5,234601378.0,216601378.0,17.17,16.5,33.68,265.0,945000000.0,3345000000.0,218.89999999999998,95878200.0,35878200.0,93.23,-78.5,35.0,724.1,태양광(Solar),17.17
GANGWON_COAST,강원특별자치도,강릉/삼척(동해안),105,37.7515,128.891,4950.0,2240.5,2.8,5.1,0.15,3.767,3.56,15500,최저가,풍부(임야/산간),3.295,1202675.0,0.1825,1598700.0,223200000.0,1423200000.0,132.5,204.5,245947038.0,227947038.0,6.24,220.3,7.5,105.9,83700000.0,2483700000.0,218.89999999999998,349955430.0,289955430.0,8.57,133.5,11.06,157.0,태양광(Solar),6.24
GANGWON_MT,강원특별자치도,대관령/평창/태백(고원산간),100,37.6771,128.7183,4820.0,2190.0,4.3,7.3,0.14,3.668,5.39,15500,최저가,풍부(임야/산간),3.209,1171285.0,0.3475,3044100.0,223200000.0,1423200000.0,132.5,204.5,239527782.0,221527782.0,6.42,211.3,7.76,108.8,83700000.0,2483700000.0,218.89999999999998,666353490.0,606353490.0,4.1,388.3,4.63,82.4,풍력(Wind),4.1
CHUNGBUK,충청북도,청주/괴산/영동,131,36.6372,127.4414,4890.0,2170.8,1.8,2.8,0.18,3.721,2.4,26000,저가,양호(관리/농림),3.256,1188440.0,0.05,438000.0,374400000.0,1574400000.0,132.5,204.5,243035980.0,225035980.0,7.0,185.9,8.59,117.0,140400000.0,2540400000.0,218.89999999999998,95878200.0,35878200.0,70.81,-71.8,35.0,582.9,태양광(Solar),7.0
CHUNGNAM,충청남도,서산/태안/보령(서해안),129,36.7766,126.4939,5080.5,2260.0,3.0,5.3,0.16,3.866,3.88,32000,중저가,풍부(서해안 간척/농림),3.382,1234430.0,0.1975,1730100.0,460800000.0,1660800000.0,132.5,204.5,252440935.0,234440935.0,7.08,182.3,8.73,118.0,172800000.0,2572800000.0,218.89999999999998,378718890.0,318718890.0,8.07,147.8,10.26,149.0,태양광(Solar),7.08
JEONBUK,전북특별자치도,군산/고창/부안(서해안),146,35.8409,127.1172,5160.0,2245.0,2.7,5.0,0.16,3.927,3.49,22000,저가,매우 풍부(간척/농림),3.435,1253775.0,0.175,1533000.0,316800000.0,1516800000.0,132.5,204.5,256396988.0,238396988.0,6.36,214.3,7.67,107.4,118800000.0,2518800000.0,218.89999999999998,335573700.0,275573700.0,9.14,118.8,12.04,165.5,태양광(Solar),6.36
JEONNAM_WEST,전라남도,신안/목포/해남(서남해도서),165,34.8171,126.3812,5420.0,2380.0,3.9,6.7,0.14,4.125,4.89,18500,최저가권,극히 풍부(염해농지/도서/간척),3.608,1316920.0,0.3025,2649900.0,266400000.0,1466400000.0,132.5,204.5,269310140.0,251310140.0,5.84,242.8,6.92,99.3,99900000.0,2499900000.0,218.89999999999998,580063110.0,520063110.0,4.81,316.1,5.54,95.2,풍력(Wind),4.81
JEONNAM_SOUTH,전라남도,여수/고흥/완도(남해안),168,34.7393,127.7406,5360.0,2360.5,3.6,6.3,0.15,4.079,4.58,18500,최저가권,극히 풍부(염해농지/도서/간척),3.568,1302320.0,0.2725,2387100.0,266400000.0,1466400000.0,132.5,204.5,266324440.0,248324440.0,5.91,238.7,7.02,100.4,99900000.0,2499900000.0,218.89999999999998,522536190.0,462536190.0,5.4,270.0,6.34,105.6,풍력(Wind),5.4
GYEONGBUK_INLAND,경상북도,안동/의성/상주(북부내륙),136,36.5729,128.7073,5190.0,2270.0,2.1,3.4,0.18,3.95,2.81,19500,최저가권,풍부(임야/산간/농림),3.455,1261075.0,0.055,481800.0,280800000.0,1480800000.0,132.5,204.5,257889838.0,239889838.0,6.17,224.0,7.4,104.5,105300000.0,2505300000.0,218.89999999999998,105466020.0,45466020.0,55.1,-63.7,35.0,524.3,태양광(Solar),6.17
GYEONGBUK_COAST,경상북도,영덕/영양/포항(동해안/풍황지),277,36.415,129.365,5280.0,2340.0,3.7,6.8,0.15,4.018,4.71,19500,최저가권,풍부(임야/산간/농림),3.515,1282975.0,0.31,2715600.0,280800000.0,1480800000.0,132.5,204.5,262368388.0,244368388.0,6.06,230.0,7.24,102.8,105300000.0,2505300000.0,218.89999999999998,594444840.0,534444840.0,4.69,326.7,5.39,93.0,풍력(Wind),4.69
GYEONGNAM,경상남도,밀양/합천/창녕(경남서부),192,35.1638,128.04,5210.0,2310.0,2.3,3.8,0.17,3.965,3.02,28500,중저가,양호(임야/농림),3.469,1266185.0,0.085,744600.0,410400000.0,1610400000.0,132.5,204.5,258934832.0,240934832.0,6.68,199.2,8.13,112.0,153900000.0,2553900000.0,218.89999999999998,162992940.0,102992940.0,24.8,-19.3,35.0,344.3,태양광(Solar),6.68
JEJU_INLAND,제주특별자치도,제주시/서귀포(중산간),184,33.5141,126.5297,4860.0,1980.0,3.8,6.1,0.16,3.699,4.92,58000,중가,제한적(환경평가/중산간제한),3.236,1039403.2,0.2575,1985016.0,835200000.0,2035200000.0,145.2,217.2,225758375.0,207758375.0,9.8,104.2,13.21,167.8,313200000.0,2713200000.0,231.59999999999997,459729706.0,399729706.0,6.79,194.7,8.28,135.3,풍력(Wind),6.79
JEJU_WIND,제주특별자치도,고산/한경/성산(해안풍황지),185,33.2938,126.1628,4920.0,2040.0,5.4,7.6,0.13,3.744,6.66,58000,중가,제한적(환경평가/중산간제한),3.276,1052251.2,0.37,2852256.0,835200000.0,2035200000.0,145.2,217.2,228548961.0,210548961.0,9.67,106.9,12.97,165.8,313200000.0,2713200000.0,231.59999999999997,660582490.0,600582490.0,4.52,342.7,5.17,94.2,풍력(Wind),4.52
